group,label,kind,Year 0,Year 1,Year 2,Year 3,Year 4,Year 5,Year 6,Year 7,Year 8,Year 9,Total
① Labour → capital,Labour taxes lost (displaced),flow,-434.4385253643479,-1009.0664302885426,-1807.1503109532598,-2518.998640174419,-3152.7499256382675,-3057.8722846769897,-2681.6239227126453,-2970.546353746053,-2659.370874525749,-2852.273838146326,-23144.091106226602
① Labour → capital,Labour taxes gained (survivors),flow,20.28755191441236,-115.87932627488533,-195.95775823300178,-176.25804578063835,32.835250751219455,10.378038892256543,-65.08881100300854,5.262391282554783,16.744166365334053,1.028713035791663,-466.6478290499652
① Labour → capital,Capital-side recoveries,flow,249.84389260984122,527.5963081674847,874.5729916982575,1143.6723737592595,1416.0757117714932,1518.2569950355064,1595.0516072484077,1689.3075918638453,1667.7952195453727,1715.392787670928,12397.565479370396
① Labour → capital,Channel 1 net,subtotal,-164.30708084009436,-597.3494483959432,-1128.5350774880042,-1551.584312195798,-1703.8389631155549,-1529.2372507492269,-1151.6611264672463,-1275.9763705996527,-974.8314886150424,-1135.8523374396063,-11213.173455906168
② Resident → non-resident,"Offshore leakage (untaxed, memo)",memo,0.0,0.0,0.0,0.0,0.0,0.0,0.0,0.0,0.0,0.0,0.0
③ Taxable → consumer surplus,"Consumer price gains (untaxed, memo)",memo,203.18420069647465,425.9540512585841,702.2550040472981,918.3334668310819,1149.920670034567,1274.0609755764442,1282.312310354641,1511.1238039767095,1339.4664519488279,1556.876708295422,10363.48764302005
③ Taxable → consumer surplus,Consumption tax change,flow,-15.338884708076508,-39.50703122701367,-73.12582413505827,-105.01057524474594,-132.28103387023953,-130.32696958420797,-113.6524119270671,-126.58487512211462,-113.2211812209776,-121.67256460130181,-970.7213516408029
④ Government spending,Net new spending (transfers+UI+SSDI+UBI),flow,243.6831801233689,482.8882811680873,862.4159386696831,1158.3020208546063,1519.053853984562,1584.3919730261282,1620.6437101865029,1798.1607262130199,1803.851075722595,1937.3627878797545,13010.753547828308
Net,Net fiscal impact (federal + state),net,-423.3291456715398,-1119.7447607910442,-2064.0768402927456,-2814.8969082951503,-3355.1738509703564,-3243.9561933595633,-2885.957248580816,-3200.7219719347872,-2891.903745558615,-3194.8876899206625,-25194.64835537528
