group,label,kind,Year 0,Year 1,Year 2,Year 3,Year 4,Year 5,Year 6,Year 7,Total
① Labour → capital,Labour taxes lost (displaced),flow,-217.21926268217396,-573.5039371996457,-1029.64737795451,-1551.4516663910995,-1984.7508410884711,-2367.90965636545,-2693.498697560748,-2807.2438969891164,-13225.225336231213
① Labour → capital,Labour taxes gained (survivors),flow,17.749974551782213,-48.28256301409577,-136.84189008687792,-187.18835540712544,-185.12959116858897,-81.04927064747719,75.30539534247154,8.294324534052166,-537.1419758958593
① Labour → capital,Capital-side recoveries,flow,101.86059003080786,256.9424152561605,439.15722613690184,648.505022673032,820.168116910011,991.8312111469901,1165.3813322651483,1347.8514359385417,5771.697350357594
① Labour → capital,Channel 1 net,subtotal,-97.6086980995839,-364.84408495758106,-727.3320419044859,-1090.134999125193,-1349.7123153470488,-1457.1277158659368,-1452.8119699531283,-1451.0981365165226,-7990.669961769481
② Resident → non-resident,"Offshore leakage (untaxed, memo)",memo,0.0,0.0,0.0,0.0,0.0,0.0,0.0,0.0,0.0
③ Taxable → consumer surplus,"Consumer price gains (untaxed, memo)",memo,118.52411707294355,297.67781870860176,506.94276534672485,746.318956987313,943.8739750133662,1141.4289930394198,1348.4274470105006,1794.373944896267,6897.568018075137
③ Taxable → consumer surplus,Consumption tax change,flow,-7.669442354038254,-21.983178449089,-41.061017545098025,-63.005198787317966,-82.1205056390152,-98.22500274316047,-111.78730804465029,-117.296474840929,-543.1481284032982
④ Government spending,Net new spending (transfers+UI+SSDI+UBI),flow,121.84159006168446,273.46234508250427,458.1659960903897,681.9273724020619,832.2150865744152,1007.0833561161326,1170.5709046636514,1241.7244984558693,5786.991149446709
Net,Net fiscal impact (federal + state),net,-227.11973051530663,-660.2896084891743,-1226.5590555399735,-1835.067570314573,-2264.047907560479,-2562.43607472523,-2735.17018266143,-2810.119109813321,-14320.809239619486
