group,label,kind,Year 0,Year 1,Year 2,Year 3,Year 4,Year 5,Year 6,Year 7,Year 8,Year 9,Total
① Labour → capital,Labour taxes lost (displaced),flow,-8.68877050728696,-15.792273077617478,-20.42016171673032,-24.085527176236198,-27.27318241005433,-30.310719540152846,-33.29853094160279,-36.30621225801117,-39.354601341527214,-40.724320660271225,-276.25429962949056
① Labour → capital,Labour taxes gained (survivors),flow,0.481638898455226,1.0617349886989087,1.6614197580138879,2.280699100881731,2.9195711362320083,3.5780370976875133,4.256103858698066,4.953783104587477,5.671078429396612,6.311442311416341,33.17550868406777
① Labour → capital,Capital-side recoveries,flow,4.318062956451029,9.524410805051758,14.912336211989162,20.48183917726324,26.23291970087399,32.165577782821416,38.279813423105516,44.575626621726286,51.053017378683734,56.817067727889956,298.3606717858561
① Labour → capital,Channel 1 net,subtotal,-3.889068652380705,-5.206127283866811,-3.846405746727269,-1.3229888980912285,1.8793084270516687,5.432895340356083,9.23738634020079,13.22319746830259,17.369494466553135,22.404189379035074,55.281880840433324
② Resident → non-resident,"Offshore leakage (untaxed, memo)",memo,0.0,0.0,0.0,0.0,0.0,0.0,0.0,0.0,0.0,0.0,0.0
③ Taxable → consumer surplus,"Consumer price gains (untaxed, memo)",memo,11.259791121929638,24.821061694650012,38.83986044890126,53.31618738468337,68.25004250199633,83.64142580084015,99.49033728121486,115.7967769431204,132.56074478655685,147.52728048826484,775.5035084521577
③ Taxable → consumer surplus,Consumption tax change,flow,-0.3067776941615301,-0.5907937526839282,-0.7761814690209711,-0.9189764452413338,-1.0405210470590625,-1.1551582826354687,-1.267309683601457,-1.3800204971845935,-1.494208543253562,-1.5490132599102855,-10.478960674752193
④ Government spending,Net new spending (transfers+UI+SSDI+UBI),flow,4.87366360246738,7.513309825628853,9.099357961597097,10.440733328597105,11.665741791531964,12.865984628256305,14.067986125005827,15.29123325258223,16.54123172517097,16.557789200813676,118.91703144165142
Net,Net fiscal impact (federal + state),net,-9.069509949009614,-13.310230862179592,-13.721945177345336,-12.682698671929668,-10.826954411539358,-8.58824757053569,-6.097909468406495,-3.4480562814642344,-0.6659458018713966,4.297386918311112,-74.11411127597029
