group,label,kind,Year 0,Year 1,Year 2,Year 3,Year 4,Year 5,Year 6,Year 7,Year 8,Year 9,Total
① Labour → capital,Labour taxes lost (displaced),flow,-59.73529723759786,-116.08135547702788,-167.07454509877536,-214.4449540408353,-260.0861398204041,-305.1373392665412,-336.5424928924365,-366.72785430948875,-396.6751652849804,-426.80363545469197,-2649.3087788827793
① Labour → capital,Labour taxes gained (survivors),flow,0.0,-8.838829183292821,-16.36261143168048,-22.305451913023767,-27.05052955792871,-30.97430539708449,-34.444183944865344,-35.03576006053933,-35.36431401926138,-35.572810133717276,-245.9487956413936
① Labour → capital,Capital-side recoveries,flow,28.803858584660823,59.588064854651556,92.3526188099722,127.09752045062274,163.8227697766032,202.5283667879135,236.28309458589914,270.03782238388476,303.7925501818703,337.5472779798559,1821.8539443959341
① Labour → capital,Channel 1 net,subtotal,-30.93143865293704,-65.33211980566915,-91.08453772048364,-109.65288550323635,-123.31389960172964,-133.58327787571216,-134.7035822514027,-131.72579198614335,-128.24692912237145,-124.82916760855335,-1073.403630128239
② Resident → non-resident,"Offshore leakage (untaxed, memo)",memo,0.0,0.0,0.0,0.0,0.0,0.0,0.0,0.0,0.0,0.0,0.0
③ Taxable → consumer surplus,"Consumer price gains (untaxed, memo)",memo,104.76685348411975,216.50608971563415,335.2177086945432,460.9017104208469,593.5580948945452,733.1868621156381,855.3846724682445,977.5824828208508,1099.780293173457,1221.9781035260635,6598.862871313942
③ Taxable → consumer surplus,Consumption tax change,flow,-2.1090966473605204,-4.432116782344339,-6.4982944320284,-8.387994626824925,-10.187934265411688,-11.950209608203396,-13.219782896933804,-14.336078481039591,-15.440580696970951,-16.551810172038063,-103.11389860915567
④ Government spending,Net new spending (transfers+UI+SSDI+UBI),flow,33.50643726696323,51.793524624595996,68.9861667938851,85.50682450662784,101.8746713110527,118.39696641724096,124.87050951770979,134.62292336227225,144.34914605999785,154.17365674643264,1018.0808266067784
Net,Net fiscal impact (federal + state),net,-66.5469725672608,-121.55776121260948,-166.56899894639713,-203.5477046366891,-235.376505178194,-263.9304539011565,-272.7938746660463,-280.6847938294552,-288.0366558793403,-295.55463452702406,-2194.598355344173
