group,label,kind,Year 0,Year 1,Year 2,Year 3,Year 4,Year 5,Year 6,Year 7,Year 8,Year 9,Total
① Labour → capital,Labour taxes lost (displaced),flow,-13.03315576093044,-27.70766295911768,-36.01231066984211,-42.06961914194648,-47.3844695052953,-52.487369172832565,-57.58948628097773,-58.370012266805276,-60.6159963898774,-63.40967196697499,-458.6797541146
① Labour → capital,Labour taxes gained (survivors),flow,2.7378362094773925,8.523877709156222,14.6710099989754,20.34453908126926,26.00544908592323,31.821242535900886,37.85098737604261,43.16562097461424,47.88451969597914,52.82266368459794,285.8277463519363
① Labour → capital,Capital-side recoveries,flow,5.912243871888459,15.568242868202292,25.783237754809896,36.557228531711274,47.89021519890643,59.78219775639535,72.23317620417805,83.10698767577475,93.98079914737144,104.85461061896814,545.6689396282061
① Labour → capital,Channel 1 net,subtotal,-4.383075679564588,-3.615542381759168,4.441937083943188,14.832148471034053,26.511194779534364,39.11607111946367,52.49467729924293,67.90259638358371,81.24932245347318,94.2676023365911,372.8169318655425
② Resident → non-resident,"Offshore leakage (untaxed, memo)",memo,0.0,0.0,0.0,0.0,0.0,0.0,0.0,0.0,0.0,0.0,0.0
③ Taxable → consumer surplus,"Consumer price gains (untaxed, memo)",memo,11.429111289176701,30.065740706486796,49.74690629676732,70.47260806001827,92.24284599623965,115.05762010543147,138.91693038759374,159.82915646744652,180.74138254729937,201.65360862715218,1050.1559104836122
③ Taxable → consumer surplus,Consumption tax change,flow,-0.4601665412422952,-1.0175333381363236,-1.347713063374905,-1.5796153367686867,-1.7786634611023002,-1.9679144930850838,-2.15655665267876,-2.1930501525279444,-2.264574321033508,-2.3612358074097664,-17.12702316735957
④ Government spending,Net new spending (transfers+UI+SSDI+UBI),flow,7.310495403701067,13.95016290591345,16.897004626282857,19.228889854150353,21.373485233460727,23.480478588239915,25.61006647217946,24.495524556346048,25.111668452332587,25.930901075287125,203.3886771678936
Net,Net fiscal impact (federal + state),net,-12.15373762450795,-18.583238625808942,-13.802780605714574,-5.976356719884986,3.359046084971336,13.667678038138671,24.72805417438471,41.21402167470972,53.87307968010709,65.9754654538942,152.30123153028927
